"operation","neo-mean","neo-stdev","neo-min","neo-max"
"OperationOpenGraph","1.271915598E9","0.0","1.271915598E9","1.271915598E9"
"OperationDoGC","2.1421360235555556E9","3.199660644363794E8","1.517036287E9","2.341990678E9"
"OperationAddManyVertices","1.0019635925E8","2.2891337417473707E7","7.503513E7","2.28847709E8"
"OperationSetManyVertexProperties","8.79530632E7","1.3026316472684231E8","2.6213298E7","9.94544844E8"
"OperationAddManyEdges","2.1708097444E8","1.0001716024186062E9","2.7468398E7","7.146089926E9"
"OperationSetManyEdgeProperties","3.2761252193E8","1.6462567439850297E9","2.7828648E7","1.2391551222E10"
"OperationShutdownGraph","1.2963289259E10","0.0","1.2963289259E10","1.2963289259E10"
