"operation","neo-mean","neo-stdev","neo-min","neo-max"
"OperationOpenGraph","3.41050007E8","0.0","3.41050007E8","3.41050007E8"
"OperationDoGC","1.8006268703333333E9","2.904803453995145E8","1.475605894E9","2.180713254E9"
"OperationGetShortestPath","3.912268877311E10","1.6279407861183783E10","1.263068994E9","6.1548161146E10"
"OperationShutdownGraph","1.681292698E9","0.0","1.681292698E9","1.681292698E9"
