"operation","neo-mean","neo-stdev","neo-min","neo-max"
"OperationOpenGraph","1.385014588E9","0.0","1.385014588E9","1.385014588E9"
"OperationDoGC","2.0717289874444444E9","2.8812948798298615E8","1.508879329E9","2.266164368E9"
"OperationAddManyVertices","9.34289465E7","1.058202199963009E7","7.333882E7","1.42056551E8"
"OperationSetManyVertexProperties","8.312346451E7","1.436162259074389E8","2.7900181E7","1.074214417E9"
"OperationAddManyEdges","1.6222880957E8","5.547794856734676E8","3.154481E7","3.760527933E9"
"OperationSetManyEdgeProperties","1.9131879218E8","6.986610319254286E8","3.2034716E7","6.369059454E9"
"OperationShutdownGraph","7.970377827E9","0.0","7.970377827E9","7.970377827E9"
