"operation","neo-mean","neo-stdev","neo-min","neo-max"
"OperationOpenGraph","1.31484848E8","0.0","1.31484848E8","1.31484848E8"
"OperationDoGC","1.53969358E9","3.3494764599726558E7","1.49851637E9","1.597006949E9"
"OperationAddManyVertices","8.888779219E7","1.6445551564493569E7","6.8829919E7","1.82998234E8"
"OperationSetManyVertexProperties","9.19737781E7","1.99083303515902E7","5.2121272E7","1.93992104E8"
"OperationAddManyEdges","3.615074254E7","1.0395706430455146E7","2.2061836E7","1.12677794E8"
"OperationSetManyEdgeProperties","8.921841889E7","2.9111981059284806E7","4.1585692E7","3.48317061E8"
"OperationShutdownGraph","1.017625696E9","0.0","1.017625696E9","1.017625696E9"
