"operation","dex-mean","dex-stdev","dex-min","dex-max"
"OperationOpenGraph","4.53675449E8","0.0","4.53675449E8","4.53675449E8"
"OperationDoGC","1.3826762626666667E9","5837679.038063348","1.376075957E9","1.390271147E9"
"OperationLocalClusteringCoefficient","534428.7","196895.26653403832","221033.0","1154195.0"
"OperationShutdownGraph","1.91302286E8","0.0","1.91302286E8","1.91302286E8"
