"operation","dex-mean","dex-stdev","dex-min","dex-max"
"OperationOpenGraph","5.1948555E7","0.0","5.1948555E7","5.1948555E7"
"OperationDoGC","1.4009834243333333E9","3.0316038750834674E7","1.375395097E9","1.443568886E9"
"OperationLoadFGF-incremental-amazon0312-b","4.713038088E9","0.0","4.713038088E9","4.713038088E9"
"OperationShutdownGraph","1.3264802644E10","0.0","1.3264802644E10","1.3264802644E10"
