"operation","dex-mean","dex-stdev","dex-min","dex-max"
"OperationOpenGraph","8.26031148E8","0.0","8.26031148E8","8.26031148E8"
"OperationDoGC","1.382274859E9","4650015.95704875","1.376689321E9","1.388073505E9"
"OperationLocalClusteringCoefficient","1199019.21","1052368.5380775908","200445.0","7688225.0"
"OperationShutdownGraph","7.3035149E7","0.0","7.3035149E7","7.3035149E7"
