"operation","neo-mean","neo-stdev","neo-min","neo-max"
"OperationOpenGraph","1.22033524E8","0.0","1.22033524E8","1.22033524E8"
"OperationDoGC","2.0846744065714285E9","2.8559945605001104E8","1.505787545E9","2.388959936E9"
"OperationCreateKeyIndex-vertex-name","3.68394586423E11","0.0","3.68394586423E11","3.68394586423E11"
"OperationCreateKeyIndex-vertex-age","3.51865469757E11","0.0","3.51865469757E11","3.51865469757E11"
"OperationCreateKeyIndex-edge-time","2.746254575995E12","0.0","2.746254575995E12","2.746254575995E12"
"OperationShutdownGraph","3.152346771E9","0.0","3.152346771E9","3.152346771E9"
