"operation","neo-mean","neo-stdev","neo-min","neo-max"
"OperationOpenGraph","1.192379506E9","0.0","1.192379506E9","1.192379506E9"
"OperationDoGC","2.1635157147777777E9","3.468195161272216E8","1.510397036E9","2.579158223E9"
"OperationAddManyVertices","9.215694871E7","1.873321553660706E7","7.0170532E7","2.11647082E8"
"OperationSetManyVertexProperties","6.977703874E7","7.659232524138808E7","2.4964923E7","4.52386289E8"
"OperationAddManyEdges","2.4329647737E8","1.0887821428834424E9","2.5608653E7","6.668678328E9"
"OperationSetManyEdgeProperties","2.1275036575E8","1.2059144849479587E9","2.9665036E7","1.2174106203E10"
"OperationShutdownGraph","1.810457062E10","0.0","1.810457062E10","1.810457062E10"
