"operation","neo-mean","neo-stdev","neo-min","neo-max"
"OperationOpenGraph","1.48447871E8","0.0","1.48447871E8","1.48447871E8"
"OperationDoGC","1.5379027883333333E9","3.1912296722525135E7","1.487218291E9","1.591518279E9"
"OperationAddManyVertices","9.504233158E7","1.4463122204526857E7","7.3849872E7","1.93523225E8"
"OperationSetManyVertexProperties","9.272595541E7","1.598909200210313E7","3.2742805E7","1.59166704E8"
"OperationAddManyEdges","3.799054192E7","1.4783732805766275E7","2.2901185E7","1.61022277E8"
"OperationSetManyEdgeProperties","9.177090152E7","1.5901233099840103E7","5.2633957E7","1.75482762E8"
"OperationShutdownGraph","1.129500233E9","0.0","1.129500233E9","1.129500233E9"
