"operation","neo-mean","neo-stdev","neo-min","neo-max"
"OperationOpenGraph","1.34840443E8","0.0","1.34840443E8","1.34840443E8"
"OperationDoGC","1.7900255963333333E9","2.5805449589398444E8","1.509682516E9","2.13254338E9"
"OperationLoadFGF-incremental-barabasi_1m_5m_2el-b","7.0987703665E10","0.0","7.0987703665E10","7.0987703665E10"
"OperationShutdownGraph","6.665849696E9","0.0","6.665849696E9","6.665849696E9"
