"operation","neo-mean","neo-stdev","neo-min","neo-max"
"OperationOpenGraph","1.706756944E9","0.0","1.706756944E9","1.706756944E9"
"OperationDoGC","2.071102596E9","2.873949667854993E8","1.504143146E9","2.269479333E9"
"OperationAddManyVertices","9.514426942E7","1.2927988033891184E7","7.774732E7","1.6766838E8"
"OperationSetManyVertexProperties","8.184301354E7","1.693318624601542E8","2.649929E7","1.401566934E9"
"OperationAddManyEdges","1.5042212785E8","4.797147708547017E8","2.8265585E7","3.138764067E9"
"OperationSetManyEdgeProperties","1.9824018337E8","7.404932565783638E8","2.6454E7","6.64543139E9"
"OperationShutdownGraph","7.143108128E9","0.0","7.143108128E9","7.143108128E9"
