"operation","dex-mean","dex-stdev","dex-min","dex-max"
"OperationOpenGraph","2.250754854E9","0.0","2.250754854E9","2.250754854E9"
"OperationDoGC","1.387347376E9","4745351.160988896","1.383238368E9","1.39399694E9"
"OperationLocalClusteringCoefficient","4.158121547E7","3.4789179098827325E7","1160846.0","2.32123205E8"
"OperationShutdownGraph","5.398793E7","0.0","5.398793E7","5.398793E7"
