"operation","dex-mean","dex-stdev","dex-min","dex-max"
"OperationOpenGraph","4.444370028E9","0.0","4.444370028E9","4.444370028E9"
"OperationDoGC","2.8934511326666665E9","2.1334105978801596E9","1.380475771E9","5.910545001E9"
"OperationGetShortestPath","4.090532266726E10","2.142527292217508E10","1.321613267E9","7.3869548054E10"
"OperationShutdownGraph","5.52519537E8","0.0","5.52519537E8","5.52519537E8"
