"operation","neo-mean","neo-stdev","neo-min","neo-max"
"OperationOpenGraph","1.53554529E8","0.0","1.53554529E8","1.53554529E8"
"OperationDoGC","1.8858202505555556E9","1.910443899393459E8","1.524254478E9","2.042285429E9"
"OperationAddManyVertices","9.840305003E7","1.799841094521677E7","8.4286343E7","2.53475492E8"
"OperationSetManyVertexProperties","8.053481748E7","8.325771272977498E7","3.1107528E7","8.81742891E8"
"OperationAddManyEdges","3.965241018E7","1.0048945898907334E7","3.128856E7","1.2742716E8"
"OperationSetManyEdgeProperties","3.797875596E7","7864230.986809685","2.666962E7","1.05954316E8"
"OperationShutdownGraph","2.988469123E9","0.0","2.988469123E9","2.988469123E9"
