"operation","neo-mean","neo-stdev","neo-min","neo-max"
"OperationOpenGraph","1.05672705E8","0.0","1.05672705E8","1.05672705E8"
"OperationDoGC","1.657336076E9","1.5530407328059617E8","1.5039934E9","1.87018212E9"
"OperationLoadFGF-incremental-amazon0302-b","5.319051055E9","0.0","5.319051055E9","5.319051055E9"
"OperationShutdownGraph","3.205313054E9","0.0","3.205313054E9","3.205313054E9"
