"operation","dex-mean","dex-stdev","dex-min","dex-max"
"OperationOpenGraph","2.0749985405E10","0.0","2.0749985405E10","2.0749985405E10"
"OperationDoGC","1.3759556793333333E9","4655896.982486643","1.371164881E9","1.382262888E9"
"OperationLocalClusteringCoefficient","2.8247871246E8","1.4037490664479136E8","1.00854655E8","7.8181936E8"
"OperationShutdownGraph","2.36328835E8","0.0","2.36328835E8","2.36328835E8"
