"operation","dex-mean","dex-stdev","dex-min","dex-max"
"OperationOpenGraph","2.4551216362E10","0.0","2.4551216362E10","2.4551216362E10"
"OperationDoGC","1.3867917085E9","9692341.5","1.377099367E9","1.39648405E9"
"OperationGetShortestPath","2.8167191438965E12","6.17737170755E10","2.754945426821E12","2.878492860972E12"
