"operation","dex-mean","dex-stdev","dex-min","dex-max"
"OperationOpenGraph","2.2265759513E10","0.0","2.2265759513E10","2.2265759513E10"
"OperationDoGC","1.3983532392222223E9","2.614423051675179E7","1.365932035E9","1.453965026E9"
"OperationAddManyVertices","1596786.4","5524442.169388657","493031.0","5.6512027E7"
"OperationSetManyVertexProperties","3451174.54","1060213.621534938","1652509.0","4644654.0"
"OperationAddManyEdges","1.63676232295E9","1.448446066051116E8","1.276118953E9","2.112651117E9"
"OperationSetManyEdgeProperties","3235757.34","1033282.5069786502","1630273.0","4616540.0"
"OperationShutdownGraph","7.5634564615E10","0.0","7.5634564615E10","7.5634564615E10"
