"operation","dex-mean","dex-stdev","dex-min","dex-max"
"OperationOpenGraph","2.4479724491E10","0.0","2.4479724491E10","2.4479724491E10"
"OperationDoGC","1.38357149E9","6563967.742560034","1.375605729E9","1.391682142E9"
"OperationLocalClusteringCoefficient","5.1807124998E8","4.7493810207270396E8","1.58592571E8","3.266881323E9"
"OperationShutdownGraph","3.32481864E8","0.0","3.32481864E8","3.32481864E8"
