"operation","neo-mean","neo-stdev","neo-min","neo-max"
"OperationOpenGraph","2.30331132E8","0.0","2.30331132E8","2.30331132E8"
"OperationDoGC","1.5430647792222223E9","3.0495043018684898E7","1.496234003E9","1.59334979E9"
"OperationAddManyVertices","9.470123088E7","2.5389174646440443E7","7.7661858E7","3.19727926E8"
"OperationSetManyVertexProperties","9.661676645E7","2.36254845433523E7","4.575575E7","2.29118121E8"
"OperationAddManyEdges","3.771022755E7","9633589.625742119","3.0541417E7","1.08753161E8"
"OperationSetManyEdgeProperties","9.015735751E7","1.3632239350849388E7","4.3763E7","1.42885764E8"
"OperationShutdownGraph","1.540795799E9","0.0","1.540795799E9","1.540795799E9"
