"operation","neo-mean","neo-stdev","neo-min","neo-max"
"OperationOpenGraph","2.00589594E8","0.0","2.00589594E8","2.00589594E8"
"OperationDoGC","1.4588405903333333E9","8252705.671580294","1.451604091E9","1.47038888E9"
"OperationLocalClusteringCoefficient","994849.49","684358.931545903","245078.0","3820646.0"
"OperationShutdownGraph","4.36062226E8","0.0","4.36062226E8","4.36062226E8"
