"operation","dex-mean","dex-stdev","dex-min","dex-max"
"OperationOpenGraph","1.799190138E9","0.0","1.799190138E9","1.799190138E9"
"OperationDoGC","1.3770737166666667E9","4182501.0843676887","1.371183372E9","1.380485636E9"
"OperationLocalClusteringCoefficient","1148678.81","664879.1163992096","431281.0","5712314.0"
"OperationShutdownGraph","1.25975867E8","0.0","1.25975867E8","1.25975867E8"
