"operation","neo-mean","neo-stdev","neo-min","neo-max"
"OperationOpenGraph","2.295549571E9","0.0","2.295549571E9","2.295549571E9"
"OperationDoGC","2.1356996845555556E9","3.22282314770043E8","1.506346863E9","2.338826038E9"
"OperationAddManyVertices","9.540231713E7","1.3531212243789872E7","7.7315195E7","1.91931745E8"
"OperationSetManyVertexProperties","8.990648623E7","1.4329778308045396E8","2.829526E7","9.39960258E8"
"OperationAddManyEdges","2.3807081967E8","1.0312114870824244E9","2.5945215E7","6.926330007E9"
"OperationSetManyEdgeProperties","3.2258219957E8","1.5431874009549026E9","2.4811815E7","1.0383284075E10"
"OperationShutdownGraph","1.2760737582E10","0.0","1.2760737582E10","1.2760737582E10"
