"operation","neo-mean","neo-stdev","neo-min","neo-max"
"OperationOpenGraph","2.365070339E9","0.0","2.365070339E9","2.365070339E9"
"OperationDoGC","2.1259191344444444E9","3.3210898917081565E8","1.49538442E9","2.347592586E9"
"OperationAddManyVertices","9.8678284E8","0.0","9.8678284E8","9.8678284E8"
"OperationSetManyVertexProperties","1.137136751E9","0.0","1.137136751E9","1.137136751E9"
"OperationAddManyEdges","3.58658251E8","0.0","3.58658251E8","3.58658251E8"
"OperationSetManyEdgeProperties","8.20093944E8","0.0","8.20093944E8","8.20093944E8"
"OperationShutdownGraph","2.73636771E9","0.0","2.73636771E9","2.73636771E9"
