"operation","neo-mean","neo-stdev","neo-min","neo-max"
"OperationOpenGraph","1.336900806E9","0.0","1.336900806E9","1.336900806E9"
"OperationDoGC","2.162328025888889E9","3.282486444836509E8","1.531810474E9","2.397763744E9"
"OperationAddManyVertices","9.915314095E7","5.270465407250233E7","7.762634E7","6.01881485E8"
"OperationSetManyVertexProperties","9.0532589883E8","8.1715688306123E8","6.14892934E8","8.110428447E9"
"OperationAddManyEdges","4.499798164E8","1.75995339033589E9","3.306922E7","1.2249579393E10"
"OperationSetManyEdgeProperties","9.6851980633E8","1.1423831943182418E9","6.28647386E8","9.645159072E9"
"OperationShutdownGraph","2.5041880157E10","0.0","2.5041880157E10","2.5041880157E10"
