"operation","dex-mean","dex-stdev","dex-min","dex-max"
"OperationOpenGraph","4.207068914E9","0.0","4.207068914E9","4.207068914E9"
"OperationDoGC","1.4241706993333333E9","3.977231494068331E7","1.383797784E9","1.523331019E9"
"OperationAddManyVertices","728359.74","251571.1480514258","395244.0","1066263.0"
"OperationSetManyVertexProperties","3010872.68","1034591.8750382578","1545139.0","4177533.0"
"OperationAddManyEdges","4.390319812E7","3.9750527336756535E7","5035462.0","1.4803768E8"
"OperationSetManyEdgeProperties","3571063.78","816468.0742611138","1688722.0","4231526.0"
"OperationShutdownGraph","4.2357598407E10","0.0","4.2357598407E10","4.2357598407E10"
