"operation","dex-mean","dex-stdev","dex-min","dex-max"
"OperationOpenGraph","1.7069718944E10","0.0","1.7069718944E10","1.7069718944E10"
"OperationDoGC","1.4120932397777777E9","2.372713191862805E7","1.37971373E9","1.461083118E9"
"OperationAddManyVertices","1785057.22","4766808.867729653","1072868.0","4.6805121E7"
"OperationSetManyVertexProperties","2710542.8","975717.1879963273","1557176.0","4623917.0"
"OperationAddManyEdges","2.28032154431E9","1.6498765667829463E8","1.90067002E9","3.053012352E9"
"OperationSetManyEdgeProperties","3465777.15","1055423.1738145356","1719806.0","4721486.0"
"OperationShutdownGraph","9.7250796661E10","0.0","9.7250796661E10","9.7250796661E10"
