"operation","dex-mean","dex-stdev","dex-min","dex-max"
"OperationOpenGraph","2.4451270728E10","0.0","2.4451270728E10","2.4451270728E10"
"OperationDoGC","1.3802883076666667E9","3455637.645934764","1.376221208E9","1.384668381E9"
"OperationLocalClusteringCoefficient","5.8088719156E8","4.3398797811113316E8","2.49047475E8","3.313740362E9"
"OperationShutdownGraph","1.88694949E8","0.0","1.88694949E8","1.88694949E8"
