"operation","neo-mean","neo-stdev","neo-min","neo-max"
"OperationOpenGraph","1.387795993E9","0.0","1.387795993E9","1.387795993E9"
"OperationDoGC","1.9585780591111112E9","2.229030600490318E8","1.538913919E9","2.122443098E9"
"OperationAddManyVertices","1.0130487167E8","2.0620876380337555E7","7.8418111E7","2.72124636E8"
"OperationSetManyVertexProperties","8.251734946E7","8.031442548102243E7","3.1802392E7","7.08773649E8"
"OperationAddManyEdges","1.7281636609E8","6.358019506425176E8","3.223468E7","4.333159413E9"
"OperationSetManyEdgeProperties","4.071662445E7","2.984657487820844E7","2.2259231E7","3.33748173E8"
"OperationShutdownGraph","6.871582323E9","0.0","6.871582323E9","6.871582323E9"
