"operation","neo-mean","neo-stdev","neo-min","neo-max"
"OperationOpenGraph","1.25277098E8","0.0","1.25277098E8","1.25277098E8"
"OperationDoGC","1.722186992E9","2.0450143390760547E8","1.51078671E9","1.998807276E9"
"OperationLoadFGF-incremental-amazon0312-b","1.526093624E10","0.0","1.526093624E10","1.526093624E10"
"OperationShutdownGraph","5.154412435E9","0.0","5.154412435E9","5.154412435E9"
