"operation","dex-mean","dex-stdev","dex-min","dex-max"
"OperationOpenGraph","2.245505633E9","0.0","2.245505633E9","2.245505633E9"
"OperationDoGC","1.376860143E9","5180856.373531117","1.370954372E9","1.383568466E9"
"OperationLocalClusteringCoefficient","2036435.41","1365626.91362683","633964.0","9042989.0"
"OperationShutdownGraph","1.44375942E8","0.0","1.44375942E8","1.44375942E8"
