"operation","neo-mean","neo-stdev","neo-min","neo-max"
"OperationOpenGraph","8.736939E8","0.0","8.736939E8","8.736939E8"
"OperationDoGC","2.0886834645555556E9","2.942650153050708E8","1.510928821E9","2.290824029E9"
"OperationAddManyVertices","9.233334939E7","2.2158310195517626E7","6.6947352E7","2.5016845E8"
"OperationSetManyVertexProperties","8.163671194E7","1.614572477072601E8","2.9082262E7","1.486460932E9"
"OperationAddManyEdges","1.5676093924E8","5.96975914217186E8","2.41859E7","4.185807121E9"
"OperationSetManyEdgeProperties","1.5057631531E8","7.244752705866425E8","2.3795335E7","7.243544044E9"
"OperationShutdownGraph","1.4811939495E10","0.0","1.4811939495E10","1.4811939495E10"
