"operation","neo-mean","neo-stdev","neo-min","neo-max"
"OperationOpenGraph","1.43901021E8","0.0","1.43901021E8","1.43901021E8"
"OperationDoGC","1.5393361878888888E9","3.122850832642179E7","1.500828732E9","1.590471411E9"
"OperationAddManyVertices","8.986049327E7","3.328250307134788E7","6.7275929E7","3.87372684E8"
"OperationSetManyVertexProperties","8.681053918E7","2.0657771321739443E7","3.0428523E7","2.60355774E8"
"OperationAddManyEdges","3.430463942E7","9439387.896563882","2.2735357E7","1.11010649E8"
"OperationSetManyEdgeProperties","8.362030948E7","1.5873276495094243E7","5.2126619E7","1.99491234E8"
"OperationShutdownGraph","1.082568876E9","0.0","1.082568876E9","1.082568876E9"
