"operation","neo-mean","neo-stdev","neo-min","neo-max"
"OperationOpenGraph","1.415621958E9","0.0","1.415621958E9","1.415621958E9"
"OperationDoGC","2.1618060476666665E9","3.338485723819444E8","1.510329926E9","2.399451569E9"
"OperationAddManyVertices","1.000387525E8","6.489068199045237E7","7.6382609E7","7.19497257E8"
"OperationSetManyVertexProperties","8.3872210666E8","7.590911350020455E8","5.87417638E8","7.508722831E9"
"OperationAddManyEdges","4.4017983312E8","1.7321983151506758E9","2.8655646E7","1.154533616E10"
"OperationSetManyEdgeProperties","9.2578940427E8","8.954755002316341E8","6.4434174E8","7.653208537E9"
"OperationShutdownGraph","2.8437115073E10","0.0","2.8437115073E10","2.8437115073E10"
