"operation","neo-mean","neo-stdev","neo-min","neo-max"
"OperationOpenGraph","9.4687168E7","0.0","9.4687168E7","9.4687168E7"
"OperationDoGC","1.789437125E9","2.6716692828624538E8","1.494568316E9","2.14146024E9"
"OperationLoadFGF-incremental-kron_1m_2el-b","2.0589442858E11","0.0","2.0589442858E11","2.0589442858E11"
"OperationShutdownGraph","6.882624096E9","0.0","6.882624096E9","6.882624096E9"
