"operation","neo-mean","neo-stdev","neo-min","neo-max"
"OperationOpenGraph","1.001188607E9","0.0","1.001188607E9","1.001188607E9"
"OperationDoGC","2.090185703E9","2.925580218541559E8","1.51946815E9","2.293086262E9"
"OperationAddManyVertices","9.152222752E7","2.410194770235828E7","7.2332107E7","2.87921826E8"
"OperationSetManyVertexProperties","7.568251368E7","1.5037029576963347E8","2.4984888E7","1.239658505E9"
"OperationAddManyEdges","1.6188882836E8","5.67679239243015E8","3.1544862E7","3.772439166E9"
"OperationSetManyEdgeProperties","2.0423238288E8","7.412053288490793E8","2.5494775E7","7.136421016E9"
"OperationShutdownGraph","9.248473041E9","0.0","9.248473041E9","9.248473041E9"
