"operation","neo-mean","neo-stdev","neo-min","neo-max"
"OperationOpenGraph","1.557512556E9","0.0","1.557512556E9","1.557512556E9"
"OperationDoGC","2.1371573523333333E9","3.243252779185469E8","1.502945849E9","2.360634547E9"
"OperationAddManyVertices","9.129049663E7","1.5519437810060797E7","7.0459157E7","1.94480881E8"
"OperationSetManyVertexProperties","9.84841998E7","1.1860705769622076E8","2.8767024E7","8.08262682E8"
"OperationAddManyEdges","2.4788562058E8","1.095945243366088E9","2.3987114E7","7.138618884E9"
"OperationSetManyEdgeProperties","2.832563397E8","1.2110686646654704E9","2.4551158E7","1.0426705133E10"
"OperationShutdownGraph","8.507539095E9","0.0","8.507539095E9","8.507539095E9"
