"operation","dex-mean","dex-stdev","dex-min","dex-max"
"OperationOpenGraph","1.810094963E9","0.0","1.810094963E9","1.810094963E9"
"OperationDoGC","1.379138865E9","7474120.051465055","1.372454461E9","1.389572101E9"
"OperationLocalClusteringCoefficient","1276203.95","1277354.5785680606","490622.0","1.2600445E7"
"OperationShutdownGraph","6.9701777E7","0.0","6.9701777E7","6.9701777E7"
