"operation","dex-mean","dex-stdev","dex-min","dex-max"
"OperationOpenGraph","3.895091905E9","0.0","3.895091905E9","3.895091905E9"
"OperationDoGC","2.2848423656666665E9","1.2703263613512127E9","1.379917771E9","4.081338593E9"
"OperationGetShortestPath","3.54479912213E10","1.5198641390904373E10","4.115593272E9","5.7266668711E10"
"OperationShutdownGraph","2.24158762E8","0.0","2.24158762E8","2.24158762E8"
